Metric,Value
design__lint_error__count,0
design__lint_timing_construct__count,0
design__lint_warning__count,6
design__inferred_latch__count,0
design__instance__count,268
design__instance__area,1689.12
design__instance_unmapped__count,0
synthesis__check_error__count,0
design__max_slew_violation__count__corner:nom_tt_025C_1v80,0
design__max_fanout_violation__count__corner:nom_tt_025C_1v80,0
design__max_cap_violation__count__corner:nom_tt_025C_1v80,0
power__internal__total,2.45E-05
power__switching__total,3.08E-05
power__leakage__total,1.39E-09
power__total,5.53E-05
clock__skew__worst_hold__corner:nom_tt_025C_1v80,0
clock__skew__worst_setup__corner:nom_tt_025C_1v80,0
timing__hold__ws__corner:nom_tt_025C_1v80,10.56763862
timing__setup__ws__corner:nom_tt_025C_1v80,11.2829056
timing__hold__tns__corner:nom_tt_025C_1v80,0
timing__setup__tns__corner:nom_tt_025C_1v80,0
timing__hold__wns__corner:nom_tt_025C_1v80,0
timing__setup__wns__corner:nom_tt_025C_1v80,0
timing__hold_vio__count__corner:nom_tt_025C_1v80,0
timing__hold_r2r__ws__corner:nom_tt_025C_1v80,Infinity
timing__hold_r2r_vio__count__corner:nom_tt_025C_1v80,0
timing__setup_vio__count__corner:nom_tt_025C_1v80,0
timing__setup_r2r__ws__corner:nom_tt_025C_1v80,Infinity
timing__setup_r2r_vio__count__corner:nom_tt_025C_1v80,0
design__max_slew_violation__count__corner:nom_ss_100C_1v60,0
design__max_fanout_violation__count__corner:nom_ss_100C_1v60,0
design__max_cap_violation__count__corner:nom_ss_100C_1v60,0
clock__skew__worst_hold__corner:nom_ss_100C_1v60,0
clock__skew__worst_setup__corner:nom_ss_100C_1v60,0
timing__hold__ws__corner:nom_ss_100C_1v60,11.29474146
timing__setup__ws__corner:nom_ss_100C_1v60,8.304993373
timing__hold__tns__corner:nom_ss_100C_1v60,0
timing__setup__tns__corner:nom_ss_100C_1v60,0
timing__hold__wns__corner:nom_ss_100C_1v60,0
timing__setup__wns__corner:nom_ss_100C_1v60,0
timing__hold_vio__count__corner:nom_ss_100C_1v60,0
timing__hold_r2r__ws__corner:nom_ss_100C_1v60,Infinity
timing__hold_r2r_vio__count__corner:nom_ss_100C_1v60,0
timing__setup_vio__count__corner:nom_ss_100C_1v60,0
timing__setup_r2r__ws__corner:nom_ss_100C_1v60,Infinity
timing__setup_r2r_vio__count__corner:nom_ss_100C_1v60,0
design__max_slew_violation__count__corner:nom_ff_n40C_1v95,0
design__max_fanout_violation__count__corner:nom_ff_n40C_1v95,0
design__max_cap_violation__count__corner:nom_ff_n40C_1v95,0
clock__skew__worst_hold__corner:nom_ff_n40C_1v95,0
clock__skew__worst_setup__corner:nom_ff_n40C_1v95,0
timing__hold__ws__corner:nom_ff_n40C_1v95,10.29095505
timing__setup__ws__corner:nom_ff_n40C_1v95,12.51451955
timing__hold__tns__corner:nom_ff_n40C_1v95,0
timing__setup__tns__corner:nom_ff_n40C_1v95,0
timing__hold__wns__corner:nom_ff_n40C_1v95,0
timing__setup__wns__corner:nom_ff_n40C_1v95,0
timing__hold_vio__count__corner:nom_ff_n40C_1v95,0
timing__hold_r2r__ws__corner:nom_ff_n40C_1v95,Infinity
timing__hold_r2r_vio__count__corner:nom_ff_n40C_1v95,0
timing__setup_vio__count__corner:nom_ff_n40C_1v95,0
timing__setup_r2r__ws__corner:nom_ff_n40C_1v95,Infinity
timing__setup_r2r_vio__count__corner:nom_ff_n40C_1v95,0
design__max_slew_violation__count,0
design__max_fanout_violation__count,0
design__max_cap_violation__count,0
clock__skew__worst_hold,0
clock__skew__worst_setup,0
timing__hold__ws,10.28774073
timing__setup__ws,8.272089026
timing__hold__tns,0
timing__setup__tns,0
timing__hold__wns,0
timing__setup__wns,0
timing__hold_vio__count,0
timing__hold_r2r__ws,inf
timing__hold_r2r_vio__count,0
timing__setup_vio__count,0
timing__setup_r2r__ws,inf
timing__setup_r2r_vio__count,0
design__die__bbox,0.0 0.0 52.895 63.615
design__core__bbox,5.52 10.88 46.92 51.68
design__io,50
design__die__area,3364.92
design__core__area,1689.12
design__instance__count__stdcell,166
design__instance__area__stdcell,1396.34
design__instance__count__macros,0
design__instance__area__macros,0
design__instance__count__padcells,0
design__instance__area__padcells,0
design__instance__count__cover,0
design__instance__area__cover,0
design__instance__utilization,0.826667
design__instance__utilization__stdcell,0.826667
design__rows,15
design__rows:unithd,15
design__sites,1350
design__sites:unithd,1350
design__instance__count__class:buffer,1
design__instance__area__class:buffer,5.0048
design__instance__count__class:inverter,1
design__instance__area__class:inverter,3.7536
design__instance__count__class:multi_input_combinational_cell,89
design__instance__area__class:multi_input_combinational_cell,867.082
flow__warnings__count,1
flow__errors__count,0
flow__warnings__count:ODB-0220,2
flow__warnings__count:STA-0366,2
flow__warnings__count:STA-0419,1
flow__warnings__count:STA-0450,1
flow__warnings__type_count,1
flow__warnings__count:ORD-0039,1
design__instance__count__class:fill_cell,102
design__instance__area__class:fill_cell,292.781
design__instance__count__class:tap_cell,25
design__instance__area__class:tap_cell,31.28
design__power_grid_violation__count__net:VGND,0
design__power_grid_violation__count__net:VPWR,0
design__power_grid_violation__count,0
flow__warnings__count:GPL-0302,1
floorplan__design__io,48
design__io__hpwl,794541
timing__drv__floating__nets,2
timing__drv__floating__pins,0
design__instance__displacement__total,0
design__instance__displacement__mean,0
design__instance__displacement__max,0
route__wirelength__estimated,2215.52
design__violations,0
design__instance__count__class:timing_repair_buffer,50
design__instance__area__class:timing_repair_buffer,489.219
flow__warnings__count:RSZ-0020,1
flow__warnings__count:STA-1140,6
flow__warnings__count:CTS-0082,1
flow__warnings__count:CTS-0083,1
design__instance__count__setup_buffer,0
design__instance__count__hold_buffer,0
global_route__vias,831
global_route__wirelength,3560
antenna__violating__nets,0
antenna__violating__pins,0
route__antenna_violation__count,0
antenna_diodes_count,0
route__net,173
route__net__special,2
route__drc_errors__iter:0,6
route__wirelength__iter:0,2093
route__drc_errors__iter:1,0
route__wirelength__iter:1,2091
route__drc_errors,0
route__wirelength,2091
route__vias,818
route__vias__singlecut,818
route__vias__multicut,0
flow__warnings__count:DRT-0349,10
design__disconnected_pin__count,0
design__critical_disconnected_pin__count,0
route__wirelength__max,46.78
timing__unannotated_net__count__corner:nom_tt_025C_1v80,0
timing__unannotated_net_filtered__count__corner:nom_tt_025C_1v80,0
timing__unannotated_net__count__corner:nom_ss_100C_1v60,0
timing__unannotated_net_filtered__count__corner:nom_ss_100C_1v60,0
timing__unannotated_net__count__corner:nom_ff_n40C_1v95,0
timing__unannotated_net_filtered__count__corner:nom_ff_n40C_1v95,0
design__max_slew_violation__count__corner:min_tt_025C_1v80,0
design__max_fanout_violation__count__corner:min_tt_025C_1v80,0
design__max_cap_violation__count__corner:min_tt_025C_1v80,0
clock__skew__worst_hold__corner:min_tt_025C_1v80,0
clock__skew__worst_setup__corner:min_tt_025C_1v80,0
timing__hold__ws__corner:min_tt_025C_1v80,10.56290907
timing__setup__ws__corner:min_tt_025C_1v80,11.30258497
timing__hold__tns__corner:min_tt_025C_1v80,0
timing__setup__tns__corner:min_tt_025C_1v80,0
timing__hold__wns__corner:min_tt_025C_1v80,0
timing__setup__wns__corner:min_tt_025C_1v80,0
timing__hold_vio__count__corner:min_tt_025C_1v80,0
timing__hold_r2r__ws__corner:min_tt_025C_1v80,Infinity
timing__hold_r2r_vio__count__corner:min_tt_025C_1v80,0
timing__setup_vio__count__corner:min_tt_025C_1v80,0
timing__setup_r2r__ws__corner:min_tt_025C_1v80,Infinity
timing__setup_r2r_vio__count__corner:min_tt_025C_1v80,0
timing__unannotated_net__count__corner:min_tt_025C_1v80,0
timing__unannotated_net_filtered__count__corner:min_tt_025C_1v80,0
design__max_slew_violation__count__corner:min_ss_100C_1v60,0
design__max_fanout_violation__count__corner:min_ss_100C_1v60,0
design__max_cap_violation__count__corner:min_ss_100C_1v60,0
clock__skew__worst_hold__corner:min_ss_100C_1v60,0
clock__skew__worst_setup__corner:min_ss_100C_1v60,0
timing__hold__ws__corner:min_ss_100C_1v60,11.28612613
timing__setup__ws__corner:min_ss_100C_1v60,8.336030768
timing__hold__tns__corner:min_ss_100C_1v60,0
timing__setup__tns__corner:min_ss_100C_1v60,0
timing__hold__wns__corner:min_ss_100C_1v60,0
timing__setup__wns__corner:min_ss_100C_1v60,0
timing__hold_vio__count__corner:min_ss_100C_1v60,0
timing__hold_r2r__ws__corner:min_ss_100C_1v60,Infinity
timing__hold_r2r_vio__count__corner:min_ss_100C_1v60,0
timing__setup_vio__count__corner:min_ss_100C_1v60,0
timing__setup_r2r__ws__corner:min_ss_100C_1v60,Infinity
timing__setup_r2r_vio__count__corner:min_ss_100C_1v60,0
timing__unannotated_net__count__corner:min_ss_100C_1v60,0
timing__unannotated_net_filtered__count__corner:min_ss_100C_1v60,0
design__max_slew_violation__count__corner:min_ff_n40C_1v95,0
design__max_fanout_violation__count__corner:min_ff_n40C_1v95,0
design__max_cap_violation__count__corner:min_ff_n40C_1v95,0
clock__skew__worst_hold__corner:min_ff_n40C_1v95,0
clock__skew__worst_setup__corner:min_ff_n40C_1v95,0
timing__hold__ws__corner:min_ff_n40C_1v95,10.28774073
timing__setup__ws__corner:min_ff_n40C_1v95,12.52700912
timing__hold__tns__corner:min_ff_n40C_1v95,0
timing__setup__tns__corner:min_ff_n40C_1v95,0
timing__hold__wns__corner:min_ff_n40C_1v95,0
timing__setup__wns__corner:min_ff_n40C_1v95,0
timing__hold_vio__count__corner:min_ff_n40C_1v95,0
timing__hold_r2r__ws__corner:min_ff_n40C_1v95,Infinity
timing__hold_r2r_vio__count__corner:min_ff_n40C_1v95,0
timing__setup_vio__count__corner:min_ff_n40C_1v95,0
timing__setup_r2r__ws__corner:min_ff_n40C_1v95,Infinity
timing__setup_r2r_vio__count__corner:min_ff_n40C_1v95,0
timing__unannotated_net__count__corner:min_ff_n40C_1v95,0
timing__unannotated_net_filtered__count__corner:min_ff_n40C_1v95,0
design__max_slew_violation__count__corner:max_tt_025C_1v80,0
design__max_fanout_violation__count__corner:max_tt_025C_1v80,0
design__max_cap_violation__count__corner:max_tt_025C_1v80,0
clock__skew__worst_hold__corner:max_tt_025C_1v80,0
clock__skew__worst_setup__corner:max_tt_025C_1v80,0
timing__hold__ws__corner:max_tt_025C_1v80,10.57230688
timing__setup__ws__corner:max_tt_025C_1v80,11.26255743
timing__hold__tns__corner:max_tt_025C_1v80,0
timing__setup__tns__corner:max_tt_025C_1v80,0
timing__hold__wns__corner:max_tt_025C_1v80,0
timing__setup__wns__corner:max_tt_025C_1v80,0
timing__hold_vio__count__corner:max_tt_025C_1v80,0
timing__hold_r2r__ws__corner:max_tt_025C_1v80,Infinity
timing__hold_r2r_vio__count__corner:max_tt_025C_1v80,0
timing__setup_vio__count__corner:max_tt_025C_1v80,0
timing__setup_r2r__ws__corner:max_tt_025C_1v80,Infinity
timing__setup_r2r_vio__count__corner:max_tt_025C_1v80,0
timing__unannotated_net__count__corner:max_tt_025C_1v80,0
timing__unannotated_net_filtered__count__corner:max_tt_025C_1v80,0
design__max_slew_violation__count__corner:max_ss_100C_1v60,0
design__max_fanout_violation__count__corner:max_ss_100C_1v60,0
design__max_cap_violation__count__corner:max_ss_100C_1v60,0
clock__skew__worst_hold__corner:max_ss_100C_1v60,0
clock__skew__worst_setup__corner:max_ss_100C_1v60,0
timing__hold__ws__corner:max_ss_100C_1v60,11.30294645
timing__setup__ws__corner:max_ss_100C_1v60,8.272089026
timing__hold__tns__corner:max_ss_100C_1v60,0
timing__setup__tns__corner:max_ss_100C_1v60,0
timing__hold__wns__corner:max_ss_100C_1v60,0
timing__setup__wns__corner:max_ss_100C_1v60,0
timing__hold_vio__count__corner:max_ss_100C_1v60,0
timing__hold_r2r__ws__corner:max_ss_100C_1v60,Infinity
timing__hold_r2r_vio__count__corner:max_ss_100C_1v60,0
timing__setup_vio__count__corner:max_ss_100C_1v60,0
timing__setup_r2r__ws__corner:max_ss_100C_1v60,Infinity
timing__setup_r2r_vio__count__corner:max_ss_100C_1v60,0
timing__unannotated_net__count__corner:max_ss_100C_1v60,0
timing__unannotated_net_filtered__count__corner:max_ss_100C_1v60,0
design__max_slew_violation__count__corner:max_ff_n40C_1v95,0
design__max_fanout_violation__count__corner:max_ff_n40C_1v95,0
design__max_cap_violation__count__corner:max_ff_n40C_1v95,0
clock__skew__worst_hold__corner:max_ff_n40C_1v95,0
clock__skew__worst_setup__corner:max_ff_n40C_1v95,0
timing__hold__ws__corner:max_ff_n40C_1v95,10.29260084
timing__setup__ws__corner:max_ff_n40C_1v95,12.50049699
timing__hold__tns__corner:max_ff_n40C_1v95,0
timing__setup__tns__corner:max_ff_n40C_1v95,0
timing__hold__wns__corner:max_ff_n40C_1v95,0
timing__setup__wns__corner:max_ff_n40C_1v95,0
timing__hold_vio__count__corner:max_ff_n40C_1v95,0
timing__hold_r2r__ws__corner:max_ff_n40C_1v95,Infinity
timing__hold_r2r_vio__count__corner:max_ff_n40C_1v95,0
timing__setup_vio__count__corner:max_ff_n40C_1v95,0
timing__setup_r2r__ws__corner:max_ff_n40C_1v95,Infinity
timing__setup_r2r_vio__count__corner:max_ff_n40C_1v95,0
timing__unannotated_net__count__corner:max_ff_n40C_1v95,0
timing__unannotated_net_filtered__count__corner:max_ff_n40C_1v95,0
timing__unannotated_net__count,0
timing__unannotated_net_filtered__count,0
design_powergrid__voltage__worst__net:VPWR__corner:nom_tt_025C_1v80,1.79998
design_powergrid__drop__average__net:VPWR__corner:nom_tt_025C_1v80,1.79999
design_powergrid__drop__worst__net:VPWR__corner:nom_tt_025C_1v80,2.22E-05
design_powergrid__voltage__worst__net:VGND__corner:nom_tt_025C_1v80,2.22E-05
design_powergrid__drop__average__net:VGND__corner:nom_tt_025C_1v80,1.02E-05
design_powergrid__drop__worst__net:VGND__corner:nom_tt_025C_1v80,2.22E-05
design_powergrid__voltage__worst,2.22E-05
design_powergrid__voltage__worst__net:VPWR,1.79998
design_powergrid__drop__worst,2.22E-05
design_powergrid__drop__worst__net:VPWR,2.22E-05
design_powergrid__voltage__worst__net:VGND,2.22E-05
design_powergrid__drop__worst__net:VGND,2.22E-05
ir__voltage__worst,1.8
ir__drop__avg,1.08E-05
ir__drop__worst,0.0000222
design__xor_difference__count,0
magic__drc_error__count,0
klayout__drc_error__count,0
magic__illegal_overlap__count,0
design__lvs_device_difference__count,0
design__lvs_net_difference__count,0
design__lvs_property_fail__count,0
design__lvs_error__count,0
design__lvs_unmatched_device__count,0
design__lvs_unmatched_net__count,0
design__lvs_unmatched_pin__count,0
